﻿<?xml version="1.0"?>
<doc>
<assembly>
<name>
Programa parqueo
</name>
</assembly>
<members>
<member name="T:Programa_parqueo.My.Resources.Resources">
<summary>
  Clase de recurso fuertemente tipado, para buscar cadenas traducidas, etc.
</summary>
</member>
<member name="P:Programa_parqueo.My.Resources.Resources.ResourceManager">
<summary>
  Devuelve la instancia de ResourceManager almacenada en caché utilizada por esta clase.
</summary>
</member>
<member name="P:Programa_parqueo.My.Resources.Resources.Culture">
<summary>
  Reemplaza la propiedad CurrentUICulture del subproceso actual para todas las
  búsquedas de recursos mediante esta clase de recurso fuertemente tipado.
</summary>
</member>
<member name="P:Programa_parqueo.My.Resources.Resources.Buscar">
<summary>
  Busca un recurso adaptado de tipo System.Drawing.Bitmap.
</summary>
</member>
<member name="P:Programa_parqueo.My.Resources.Resources.Eliminar">
<summary>
  Busca un recurso adaptado de tipo System.Drawing.Bitmap.
</summary>
</member>
<member name="P:Programa_parqueo.My.Resources.Resources.Guardar">
<summary>
  Busca un recurso adaptado de tipo System.Drawing.Bitmap.
</summary>
</member>
<member name="P:Programa_parqueo.My.Resources.Resources.llave">
<summary>
  Busca un recurso adaptado de tipo System.Drawing.Bitmap.
</summary>
</member>
<member name="P:Programa_parqueo.My.Resources.Resources.llave_de_la_puerta">
<summary>
  Busca un recurso adaptado de tipo System.Drawing.Bitmap.
</summary>
</member>
<member name="P:Programa_parqueo.My.Resources.Resources.Nuevo">
<summary>
  Busca un recurso adaptado de tipo System.Drawing.Bitmap.
</summary>
</member>
<member name="P:Programa_parqueo.My.Resources.Resources.Parque_Central">
<summary>
  Busca un recurso adaptado de tipo System.Drawing.Bitmap.
</summary>
</member>
<member name="P:Programa_parqueo.My.Resources.Resources.Salir">
<summary>
  Busca un recurso adaptado de tipo System.Drawing.Bitmap.
</summary>
</member>
<member name="P:Programa_parqueo.My.Resources.Resources.usuario2">
<summary>
  Busca un recurso adaptado de tipo System.Drawing.Bitmap.
</summary>
</member>
</members>
</doc>
